BEGIN TRANSACTION;
CREATE TABLE IF NOT EXISTS `vente` (
	`rowid`	INTEGER PRIMARY KEY AUTOINCREMENT,
	`quantite`	INTEGER,
	`remise`	INTEGER,
	`idprod`	TEXT,
	`idcmd`	TEXT,
	FOREIGN KEY(`idcmd`) REFERENCES `commande`(`idcmd`),
	FOREIGN KEY(`idprod`) REFERENCES `produit`(`ref`)
);
INSERT INTO `vente` VALUES (3,200,10,'6541354','201804050212');
INSERT INTO `vente` VALUES (4,200,20,'684532','201804050212');
INSERT INTO `vente` VALUES (5,444,3,'22333333','201804050212');
INSERT INTO `vente` VALUES (24,25,50,'22333333','180523172377');
INSERT INTO `vente` VALUES (30,2000,10,'99900000','180526023116');
INSERT INTO `vente` VALUES (34,4000,10,'2125','180526153734');
INSERT INTO `vente` VALUES (35,7,10,'123544444','180526153734');
INSERT INTO `vente` VALUES (36,32,10,'9898','180526162943');
INSERT INTO `vente` VALUES (41,45,10,'543354','180526164711');
INSERT INTO `vente` VALUES (43,580,10,'3333333','180526164327');
INSERT INTO `vente` VALUES (44,50,10,'999999','180526164327');
INSERT INTO `vente` VALUES (45,20,10,'99900000','180526164327');
INSERT INTO `vente` VALUES (46,12,10,'22333333','180527093836');
INSERT INTO `vente` VALUES (47,312,17,'787777','180527093836');
INSERT INTO `vente` VALUES (48,1000,10,'123544','180528183626');
INSERT INTO `vente` VALUES (49,1000,10,'787777','180528183626');
INSERT INTO `vente` VALUES (53,980,10,'3333333','180523172377');
INSERT INTO `vente` VALUES (54,20,10,'554252','180523172377');
INSERT INTO `vente` VALUES (57,52,10,'3333333','180529171439');
INSERT INTO `vente` VALUES (58,351,10,'2125','180529172223');
INSERT INTO `vente` VALUES (60,22,10,'554252','180529023219');
INSERT INTO `vente` VALUES (62,40,10,'6541354','180531004626');
INSERT INTO `vente` VALUES (64,540400,10,'2125','180531020625');
INSERT INTO `vente` VALUES (65,690,40,'3333333','180531134556');
CREATE TABLE IF NOT EXISTS `retour` (
	`rowid`	INTEGER PRIMARY KEY AUTOINCREMENT,
	`quantite`	INTEGER,
	`remise`	INTEGER DEFAULT 0,
	`date`	TEXT,
	`idprod`	TEXT,
	FOREIGN KEY(`idprod`) REFERENCES `produit`(`ref`)
);
INSERT INTO `retour` VALUES (1,57,0,'18-05-29 17:44','123544');
INSERT INTO `retour` VALUES (2,2000,0,'18-05-29 17:50','3333333');
INSERT INTO `retour` VALUES (3,12,10,'18-05-29 22:19','3333333');
INSERT INTO `retour` VALUES (4,12,0,'18-05-30 02:01','9898');
CREATE TABLE IF NOT EXISTS `produit` (
	`ref`	TEXT,
	`designation`	TEXT,
	`unite`	TEXT,
	`quantite`	INTEGER DEFAULT 0,
	`pachat`	INTEGER,
	`pvente`	INTEGER,
	`fournisseur`	TEXT,
	`remarque`	TEXT,
	PRIMARY KEY(`ref`)
);
INSERT INTO `produit` VALUES ('123544','dfghjbkkb','kg',501100,50,60,'dfghvjb','kjhgfghjb');
INSERT INTO `produit` VALUES ('6541354','gfdfhjn','metre',360,2,3,'po','ghbjn');
INSERT INTO `produit` VALUES ('684532','ddd
','gr',0,5,9,'lkjhgfd','ttttt
');
INSERT INTO `produit` VALUES ('22333333','g','Litre',575,1,2,'fdgx','poopo');
INSERT INTO `produit` VALUES ('3333333','jlkllkj','Litre',49960,1,2,'ojlkkkj','hhjnk');
INSERT INTO `produit` VALUES ('2125','g
','lmkm',351,24,25,'kljhk','
');
INSERT INTO `produit` VALUES ('543354','g
','fdgdfgdf',442,534,542,'','
');
INSERT INTO `produit` VALUES ('554252','d
','mm',38,50,60,'','dfgdf
');
INSERT INTO `produit` VALUES ('787777','y','mg',10003,1,2,'','ioooop');
INSERT INTO `produit` VALUES ('9898','uuuuuuu
','PA',82,2,3,'erez','kpl
');
INSERT INTO `produit` VALUES ('999999','o','uuu',1339,32,33,'mmmm','ghjk');
INSERT INTO `produit` VALUES ('99900000','descripm noir 52 jhhj jkhkg hkhkhk kjkhkhf ihhkhkh khkhkhfg
','tonne',180,22,23,'Txr','fdgdf
');
INSERT INTO `produit` VALUES ('123544444','dfghjbkkb','kg',13,50,51,'','');
INSERT INTO `produit` VALUES ('68453222222','ddd','gr',409,5,6,'','');
INSERT INTO `produit` VALUES ('54445544','nnnnnn	

','pilo',2000,2,4,'mmmm','kjhuiiu	

');
INSERT INTO `produit` VALUES ('af51131','fdfdffd	
','kg',100,10,11,'asterix','pmmlkf
');
INSERT INTO `produit` VALUES ('232323232','dfghjbkkb555555555

','kg',6969,509,601,'mlp','kjhgfghjb

');
INSERT INTO `produit` VALUES ('rf566','description111	
','uni',89,50,53,'fr1','rem	
');
CREATE TABLE IF NOT EXISTS `commande` (
	`idcmd`	TEXT,
	`date`	TEXT,
	`validee`	INTEGER DEFAULT 0,
	`client`	TEXT,
	PRIMARY KEY(`idcmd`)
);
INSERT INTO `commande` VALUES ('201804050212','18-05-29 01:22',1,'foulen fouleni');
INSERT INTO `commande` VALUES ('180523172377','18-05-29 02:31',1,'ali');
INSERT INTO `commande` VALUES ('180526023116','18-05-28 15:32',1,'clio');
INSERT INTO `commande` VALUES ('180526153734','18-05-26 15:37',1,'po po');
INSERT INTO `commande` VALUES ('180526162943','18-05-29 02:21',1,'s');
INSERT INTO `commande` VALUES ('180526164327','18-05-26 16:43',1,'choppa');
INSERT INTO `commande` VALUES ('180526164711','18-05-26 16:47',1,'momo');
INSERT INTO `commande` VALUES ('180527093836','18-05-27 09:38',1,'mlo');
INSERT INTO `commande` VALUES ('180528183626','18-05-28 18:36',1,'yh');
INSERT INTO `commande` VALUES ('180529023219','18-05-30 02:03',1,'mmm hhh');
INSERT INTO `commande` VALUES ('180529171439','18-05-31 00:52',0,'');
INSERT INTO `commande` VALUES ('180529172223','18-05-31 02:05',0,'rt');
INSERT INTO `commande` VALUES ('180531004626','18-05-31 02:40',1,'lalala');
INSERT INTO `commande` VALUES ('180531020625','18-05-31 02:05',1,'mpm');
INSERT INTO `commande` VALUES ('180531134556','18-05-31 13:45',NULL,'');
CREATE TABLE IF NOT EXISTS `admin` (
	`id`	INTEGER,
	`password`	TEXT,
	PRIMARY KEY(`id`)
);
INSERT INTO `admin` VALUES (1,'0000');
CREATE TABLE IF NOT EXISTS `achat` (
	`rowid`	INTEGER PRIMARY KEY AUTOINCREMENT,
	`quantite`	INTEGER,
	`date`	TEXT,
	`idprod`	TEXT,
	FOREIGN KEY(`idprod`) REFERENCES `produit`(`ref`)
);
INSERT INTO `achat` VALUES (1,20,'18-05-22 01:53','3333333');
INSERT INTO `achat` VALUES (2,10,'18-05-22 01:53','9898');
INSERT INTO `achat` VALUES (3,10,'18-05-22 02:07','68453222222');
INSERT INTO `achat` VALUES (4,33,'18-05-22 02:07','68453222222');
INSERT INTO `achat` VALUES (5,50,'18-05-22 02:09','554252');
INSERT INTO `achat` VALUES (6,44,'18-05-22 02:10','22333333');
INSERT INTO `achat` VALUES (7,54,'18-05-23 13:00','3333333');
INSERT INTO `achat` VALUES (8,4,'18-05-23 13:00','787777');
INSERT INTO `achat` VALUES (9,12,'18-05-23 14:40','22333333');
INSERT INTO `achat` VALUES (10,333,'18-05-26 14:45','68453222222');
INSERT INTO `achat` VALUES (11,33,'18-05-26 14:51','68453222222');
INSERT INTO `achat` VALUES (12,2323,'18-05-26 14:53','787777');
INSERT INTO `achat` VALUES (13,8989,'18-05-26 14:53','787777');
INSERT INTO `achat` VALUES (14,89,'18-05-26 20:25','rf566');
INSERT INTO `achat` VALUES (15,98,'18-05-27 09:26','6541354');
INSERT INTO `achat` VALUES (16,22,'18-05-27 15:02','543354');
INSERT INTO `achat` VALUES (17,1000,'18-05-29 17:49','123544');
INSERT INTO `achat` VALUES (18,4,'18-05-30 01:35','9898');
INSERT INTO `achat` VALUES (19,49,'18-05-30 01:54','2125');
COMMIT;
